"agent_bank","name","account_number","loan_amount","maturity_date","bank_status","bank_status_date","ubs_participation","collateral_date","","","","","","","","","","",""
"Bank of America","HIG LBO IV, BH III, GB&E III, IV [U]","5VX1796","75000000","10/26/2026","Active","5/21/2026","9502500.00","2026-06-09","","","","","","","","","","",""
"Bank of America","Brookfield Strat RE IV","5VW6859","87500000","5/21/2027","Active","4/17/2026","11917500.00","2026-05-21","","","","","","","","","","",""
"Bank of America","Carlyle Realty IX","5VW7911","300000000","5/14/2027","Active","4/24/2026","44340000.00","2026-06-29","","","","","","","","","","",""
"Bank of America","Crestview II, III, VI [U]","5VX6608","67829457","3/4/2027","Active","4/2/2026","9658914.68","2026-05-21","","","","","","","","","","",""
"Bank of America","Carlyle Buyout Umbrella","5VZ8873","100000000","1/12/2028","Active","5/13/2026","13910000.00","2026-05-25","","","","","","","","","","",""
"Bank of America","Oaktree Opportunities Fund Xb","5VZ8895","112000000","7/21/2027","Active","7/23/2025","16576000.00","2026-06-08","","","","","","","","","","",""
"Bank of America","Castlelake Aviation IV Stable Yield LP","5VZ5764","92000000","12/11/2026","Active","5/16/2026","13165200.00","2026-05-15","","","","","","","","","","",""
"Bank of America","Oaktree Opportunities Fund Xb LP","5VX6615","112000000","7/21/2027","Active","7/23/2025","16755200.00","2026-06-30","","","","","","","","","","",""
"Bank of America","Platinum Eq VI","5VX0814","300000000","9/10/2027","Active","9/17/2025","43260000.00","2026-05-05","","","","","","","","","","",""
"Bank of America","Great Hill Equity Partners VIII","5VX2978","135000000","5/14/2027","Active","5/16/2026","16969500.00","2026-05-06","","","","","","","","","","",""
"Bank of America","THL Eq IX","5VY4074","73076924","4/15/2027","Active","4/17/2026","8776538.57","2026-06-26","","","","","","","","","","",""
"Bank of America","Platinum Eq IV","5VW3197","45000000","1/15/2027","Active","6/11/2026","5908500.00","2026-06-18","","","","","","","","","","",""
"Bank of America","Brookfield Strat RE III","5VX4741","175000000","9/3/2027","Active","9/6/2025","23292500.00","2026-05-15","","","","","","","","","","",""
"Bank of America","Platinum Eq Small Cap","5VX1179","75000000","8/20/2027","Active","8/21/2025","9742500.00","2026-05-15","","","","","","","","","","",""
"Bank of America","HarbourVest Dover St. X, X AIF, XI [U]","5VX4742","300000000","3/20/2028","Active","5/14/2026","42270000.00","2026-06-03","","","","","","","","","","",""
"Bank of America","Thoma Bravo Fund XV LP","5VW4026","175000000","9/29/2028","Active","2/3/2026","23397500.00","2026-06-15","","","","","","","","","","",""
"BMO","TPG Growth VI","5VY3937","200000000","8/7/2026","Active","3/7/2026","24580000.00","2026-05-08","","","","","","","","","","",""
"BMO","Brookfield Capital Partners VI L.P.","5VW7838","132500000","12/24/2026","Active","11/26/2025","17861000.00","2026-05-04","","","","","","","","","","",""
"BNYM","OHA CA Customized Credit Fund LP","5VW6327","150000000","1/8/2027","Active","1/1/2026","18540000.00","2026-06-09","","","","","","","","","","",""
"CIBC","TPG Tech Adj II","5VW0525","165000000","5/26/2027","Active","5/20/2026","24304500.00","2026-06-16","","","","","","","","","","",""
"City National Bank","Kayne Anderson Real Estate Opportunistic Debt II","5VAA120","125000000","9/9/2026","Active","1/2/2026","17300000.00","2026-05-13","","","","","","","","","","",""
"JP Morgan","KKR Ascendant","5VX8194","213157895","7/6/2026","Active","4/30/2026","28008947.40","2026-06-29","","","","","","","","","","",""
"JP Morgan","Sculptor Real Estate Fund V","5VZ7360","100000000","10/8/2027","Active","10/11/2025","12750000.00","2026-06-15","","","","","","","","","","",""
"JP Morgan","Aurora Equity Partners 7","5VY9755","140000000","8/28/2026","Active","8/29/2025","18676000.00","2026-05-25","","","","","","","","","","",""
"JP Morgan","Francisco Partner Agility III","5VX8197","250000000","8/20/2026","Active","8/21/2025","30025000.00","2026-05-04","","","","","","","","","","",""
"JP Morgan","Aurora Eq VI","5VW8105","44200000","6/22/2026","Active","4/7/2026","6311760.00","2026-06-18","","","","","","","","","","",""
"JP Morgan","Veritas VI, VII, VIII [U]","5VU7840","200000000","4/21/2027","Active","5/1/2026","26500000.00","2026-05-18","","","","","","","","","","",""
"Lloyds","Harbourvest 2000 Global Fund","5VY5270","99525317","","","","13993259.57","2026-05-14","","","","","","","","","","",""
"M&T Bank","Silver Point Specialty Credit III Master Fund","5VX3195","165000000","11/13/2026","Active","9/5/2025","23116500.00","2026-06-26","","","","","","","","","","",""
"Mizuho","Roark Capital Partners VII","5VZ2053","200000000","6/30/2028","Active","4/15/2026","24860000.00","2026-06-19","","","","","","","","","","",""
"Mizuho","Roark Capital Partners VI","5VZ2054","170000000","3/31/2027","Active","4/2/2026","23341000.00","2026-05-05","","","","","","","","","","",""
"Morgan Stanley","HIG MM LBO IV","5VX1795","240000000","10/9/2026","Active","1/15/2026","32520000.00","2026-06-11","","","","","","","","","","",""
"Morgan Stanley","HIG MM LBO III","5VU6465","138000000","8/14/2026","Active","4/1/2026","16932600.00","2026-05-26","","","","","","","","","","",""
"Morgan Stanley","Lonestar Fund XII","5VX2839","143285718","8/4/2026","Active","8/1/2025","21220614.84","2026-06-18","","","","","","","","","","",""
"Morgan Stanley","Resolute VI","5VY0239","156250000","8/13/2026","Active","4/14/2026","19437500.00","2026-05-28","","","","","","","","","","",""
"Natixis","CD&R X, VI, XII [U] (A)","5VX4757","292050000","6/24/2026","Active","6/25/2025","42697710.00","2026-05-20","","","","","","","","","","",""
"Natixis","CD&R X, VI, XII [U] (B)","5VY8943","7950000","6/24/2026","Active","6/25/2025","955590.00","2026-05-07","","","","","","","","","","",""
"PNC","Strategic Value Spec Sit V","5VX6327","150000000","4/21/2028","Active","4/22/2026","19245000.00","2026-06-16","","","","","","","","","","",""
"Silicon Valley Bank","Audax Private Equity Fund VII LP (Uncommitted)","5VAB068","180000000","1/28/2027","Active","1/29/2026","22878000.00","2026-06-17","","","","","","","","","","",""
"Silicon Valley Bank","Arctos Keystone Partners Fund I (Committed)","5VZ9848","100480770","12/17/2026","Active","4/30/2026","12811298.18","2026-06-26","","","","","","","","","","",""
"Silicon Valley Bank","Arctos Sports Fund II (A)","5VY4509","105000000","5/27/2027","Active","5/30/2026","13933500.00","2026-05-08","","","","","","","","","","",""
"Silicon Valley Bank","Audax Private Equity Fund VII LP (Committed)","5VAB067","120000000","1/28/2027","Active","1/29/2026","16788000.00","2026-05-04","","","","","","","","","","",""
"Silicon Valley Bank","Arctos American Football Fund (Committed)","5VZ4752","75000000","6/24/2026","Active","6/10/2026","10980000.00","2026-05-21","","","","","","","","","","",""
"Silicon Valley Bank","Arctos Keystone Partners Fund I (Uncommitted)","5VZ9849","100480770","12/17/2026","Active","4/30/2026","14830961.65","2026-05-18","","","","","","","","","","",""
"Silicon Valley Bank","Arctos American Football Fund (Uncommitted)","5VZ4753","75000000","6/24/2026","Active","6/10/2026","10815000.00","2026-05-05","","","","","","","","","","",""
"Silicon Valley Bank","Comvest Credit Partners VII (Uncommitted)","5VY7842","50000000","8/14/2026","Active","4/10/2026","6230000.00","2026-06-30","","","","","","","","","","",""
"Silicon Valley Bank","Comvest Credit Partners VII (Committed)","5VY7714","50000000","8/14/2026","Active","4/10/2026","6120000.00","2026-06-29","","","","","","","","","","",""
"Silicon Valley Bank","Arctos Sports Fund II (B)","5VY4577","70000000","5/27/2027","Active","5/28/2026","8701000.00","2026-06-09","","","","","","","","","","",""
"SMBC","NB PD IV Equity LP","5VX1099","164705883","12/4/2026","Active","12/5/2025","24244705.98","2026-06-10","","","","","","","","","","",""
"SMBC","West Street Mezz VIII","5VX1620","300000000","4/2/2027","Active","5/16/2026","43740000.00","2026-06-19","","","","","","","","","","",""
"Societe Generale","AG DL V","5VX1128","75000000","5/21/2027","Active","5/26/2026","10732500.00","2026-06-17","","","","","","","","","","",""
"Societe Generale","AG ABC","5VW9108","75000000","11/20/2026","Active","11/26/2025","10477500.00","2026-06-24","","","","","","","","","","",""
"UBS Bank USA","Edison Partners XI LP","5VY6837","125000000","10/14/2026","Active","11/4/2025","16212500.00","2026-06-29","","","","","","","","","","",""
"Wells Fargo","Blue Owl GP Stakes V (A) LP (Senior)","5VAD225","240119760","6/23/2028","Active","5/20/2026","31359640.66","2026-06-16","","","","","","","","","","",""
"Wells Fargo","Blue Owl GP Stakes V (A) LP (Junior)","5VW9761","59880330","6/23/2028","Active","5/20/2026","7658694.21","2026-06-03","","","","","","","","","","",""
"Wells Fargo","K6 Private Investors LP","5VY4364","400000000","4/9/2027","Active","5/1/2026","52160000.00","2026-06-03","","","","","","","","","","",""
"Wells Fargo","Antares Sen Loan II","5VX1598","27376000","7/10/2026","Active","10/15/2025","3706710.40","2026-05-20","","","","","","","","","","",""
"Wells Fargo","StepStone Secondary Opportunities Fund VI, LP","5VAD673","135000000","5/4/2029","Active","5/9/2026","18076500.00","2026-06-18","","","","","","","","","","",""
"Wells Fargo","Petershill IV","5VU9894","132134434","3/31/2028","Active","3/31/2026","17983496.47","2026-05-28","","","","","","","","","","",""
"Wells Fargo","General Atlantic Core Program","5VT6271","300000000","12/17/2027","Active","12/24/2025","36840000.00","2026-05-13","","","","","","","","","","",""
"Wells Fargo","Whitehorse Liq V","5VX1997","150000000","6/4/2027","Active","6/6/2026","21555000.00","2026-05-13","","","","","","","","","","",""
"Wells Fargo","Roark Continuation","5VX8318","230000000","4/21/2028","Active","4/30/2026","30981000.00","2026-05-13","","","","","","","","","","",""
"Wells Fargo","PSG VI, LP","5VY8120","215000000","8/28/2026","Active","1/22/2026","26918000.00","2026-06-30","","","","","","","","","","",""
"Wells Fargo","GTCR Fund XIV/A LP","5VY0034","245714285","12/31/2027","Active","1/29/2026","34031428.47","2026-05-06","","","","","","","","","","",""
"Wells Fargo","K5 Priv Inv","5VX4537","273000000","6/26/2026","Active","7/1/2025","34261500.00","2026-06-22","","","","","","","","","","",""
"Wells Fargo","HIG Advantage Buyout","5VY4260","200000000","9/15/2026","Active","2/18/2026","28260000.00","2026-05-28","","","","","","","","","","",""
"Wells Fargo","Kohlberg Investors X","5VX7941","175000000","2/12/2027","Active","4/14/2026","21857500.00","2026-05-07","","","","","","","","","","",""
"Wells Fargo","Francisco Partners VII","5VX6087","250000000","5/6/2027","Active","5/11/2026","36225000.00","2026-06-04","","","","","","","","","","",""
